# 来源：A0 菜单注册表 /portal/api/menu/getallbyuser，2026-09-28 只读；列：appName	菜单路径	页面类型
I360Cloud	人员	ViewPage
I360Cloud	报表	CustomPage
I360Cloud	设置/应用场景设置	LubanPage
I360Cloud	设置/报告模板设置	ViewPage
I360Cloud	设置/评价角色设置	LubanPage
I360Cloud	设置/通信记录	ViewPage
I360Cloud	设置/通知模板设置	LubanPage
I360Cloud	评估活动	ViewPage
I360Cloud	题库	ViewPage
I360Cloud	首页	LubanPage
IDP	人才发展计划/IDP看板	OceanPage
IDP	人才发展计划/发展计划	ViewPage
IDP	人才发展计划/发展计划模板	ViewPage
IDP	人才发展计划/发展计划流程	ViewPage
IDP	人才发展计划/开关参数	ViewPage
IDP	人才发展计划/职业发展信息	ViewPage
IDP	人才发展计划/轮岗信息	ViewPage
IDP	带教信息/带教信息	ViewPage
IDP	我的发展计划/个人发展计划	CustomPage
IDP	我的发展计划/团队职业发展	ViewPage
IDP	我的发展计划/我的带教经历	CustomPage
IDP	我的发展计划/我的职业发展	ViewPage
IDP	我的发展计划/我的轮岗经历	CustomPage
IDP	我的发展计划/我辅导的发展计划	CustomPage
Qualification	任职类别	ViewPage
Qualification	任职级别	ViewPage
Qualification	任职资格标准	ViewPage
Qualification	指标	ViewPage
Qualification	设置/任职类别/分类	CustomPage
Qualification	设置/任职级别/层级	LubanPage
Qualification	设置/公共设置/发展通道显示设置	CustomPage
Qualification	设置/公共设置/等级方案	ViewPage
Qualification	设置/公共设置/编码规则	LubanPage
SuccessionAndDevelopment	人才搜索	CustomPage
SuccessionAndDevelopment	人才数据洞察/人才分析	OceanPage
SuccessionAndDevelopment	人才数据洞察/人才洞察报告	ViewPage
SuccessionAndDevelopment	人才池(管理)/人才梯队地图	CustomPage
SuccessionAndDevelopment	人才池(管理)/人才池	ViewPage
SuccessionAndDevelopment	人才池(管理)/人才池分析	OceanPage
SuccessionAndDevelopment	(人才盘点/)盘点校准会	ViewPage
SuccessionAndDevelopment	(人才盘点/)盘点项目	ViewPage
SuccessionAndDevelopment	团队盘点/团队人才	ViewPage
SuccessionAndDevelopment	组织健康度分析/团队分析	ApplicationPage
SuccessionAndDevelopment	(组织健康度分析/)组织人才分析	LubanPage
SuccessionAndDevelopment	继任管理	ViewPage
SuccessionAndDevelopment	设置/人才对比设置/人才对比	CustomPage
SuccessionAndDevelopment	设置/人才搜索设置/人才搜索	CustomPage
SuccessionAndDevelopment	设置/人才池设置/人才梯队地图设置	CustomPage
SuccessionAndDevelopment	设置/人才池设置/人才池分类	ViewPage
SuccessionAndDevelopment	设置/人才池设置/人才池饱和度颜色	CustomPage
SuccessionAndDevelopment	设置/人才洞察设置/人才洞察模板	ViewPage
SuccessionAndDevelopment	设置/其他设置/附件管理	ViewPage
SuccessionAndDevelopment	设置/团队人才设置/团队人才设置	LubanPage
SuccessionAndDevelopment	设置/在线盘点设置/九宫格	ViewPage
SuccessionAndDevelopment	设置/在线盘点设置/场景步骤管理	ViewPage
SuccessionAndDevelopment	设置/在线盘点设置/模块等级	ViewPage
SuccessionAndDevelopment	设置/在线盘点设置/盘点分类	ViewPage
SuccessionAndDevelopment	设置/在线盘点设置/盘点场景管理	ViewPage
SuccessionAndDevelopment	设置/在线盘点设置/盘点字段颜色设置	CustomPage
SuccessionAndDevelopment	设置/在线盘点设置/盘点报告模板	ViewPage
SuccessionAndDevelopment	设置/在线盘点设置/盘点模板	LubanPage
SuccessionAndDevelopment	设置/在线盘点设置/盘点角色	ViewPage
SuccessionAndDevelopment	设置/在线盘点设置/盘点计算规则	ViewPage
SuccessionAndDevelopment	设置/在线盘点设置/评价规则	ViewPage
SuccessionAndDevelopment	设置/继任地图设置/健康度规则设置	LubanPage
SuccessionAndDevelopment	设置/继任地图设置/继任地图设置	CustomPage
SuccessionAndDevelopment	设置/通用设置/人才简卡设置	ViewPage
SuccessionAndDevelopment	设置/通用设置/关键岗位	ViewPage
SuccessionAndDevelopment	设置/通用设置/准备度	ViewPage
SuccessionAndDevelopment	设置/通用设置/字段映射	ViewPage
SuccessionAndDevelopment	设置/通用设置/开关参数	CustomPage
TEvaluation	基础设置/公共设置/第三方日程	ViewPage
TEvaluation	基础设置/活动周期/活动周期	ViewPage
TEvaluation	基础设置/活动类型/活动类型	ViewPage
TEvaluation	基础设置/评价表/评价表	ViewPage
TEvaluation	基础设置/评价表/通用评分项	ViewPage
TEvaluation	基础设置/评委管理/评审组	ViewPage
TEvaluation	干部述职/述职活动设置	ViewPage
TEvaluation	干部述职/述职记录	ViewPage
TEvaluation	干部述职/述职过程	CustomPage
TEvaluation	活动设置	ViewPage
TEvaluation	统计分析/历练时间分析	ViewPage
TEvaluation	统计分析/年度评定总览	ViewPage
TEvaluation	统计分析/评定结果同比分析	ViewPage
TEvaluation	自助服务/我的评定	LubanPage
TEvaluation	评定记录	ViewPage
TEvaluation	评定过程	LubanPage
TalentCenter	人才标准	ViewPage
TalentCenter	指标库	ViewPage
TalentCenter	设置/人才标准分类	ViewPage
TalentCenter	设置/描述设置	ViewPage
TenantBase	人员子集/任职资格、员工能力评估表、员工盘点结果；设置/员工/同步任职资格	（R3 结果回写组织员工的入口）
