名称	编码	类型码	状态	字段说明（原站原文）
人员	UserID	5	启用	任职记录所属的人员
累计司龄（年）	WorkYearCompanyTotal	7	启用	1、员工的累计司龄（年）=（当前日期或最后工作日-入职日期）/365 + 司龄校正值（年）；2、累计司龄的取整方式：按此字段的小数位数设置向下舍位
多选员工	UserIDs	2	启用	仅用于表单获取多选人员的id，不会存储任何值
是否调整薪资	AdjustSalary	4	启用	调动及转正场景标注是否调整薪资使用
预留3	POIdEmpReserve3	5	启用	废弃，请勿配置使用
预留5	POIdEmpReserve5	5	启用	废弃，请勿配置使用
预留4	POIdEmpReserve4	5	启用	废弃，请勿配置使用
职位	OIdJobPosition	2	启用	标记人员任职的职位信息；仅可录入任职部门内的职位
直线经理	POIdEmpAdmin	5	启用	1、记录员工的直线上级信息 2、直线经理可进行员工的流程审批、以及在团队管理场景中查看下属员工的信息
职级	OIdJobLevel	2	启用	Lookup（与职务/职位联动：职级仅可在该职务或职位的最低职级到最高职级之间选择）
虚线经理	POIdEmpReserve2	5	启用	标记人员的虚线汇报关系上级，非行政直属上级
用工形式	EmploymentForm	2	启用	字段选项可在组织员工设置中进行维护
父对象数据ID	PObjectDataID	2	启用	此字段为系统自动创建，请勿删除
同步到履历	TransferSyncToJobHistory	4	启用	选择【是】时，将在调动生效时同步生成一条工作履历
发起电子文件签署	ElectronicSignature	4	启用	①开启前请确保已开通电子签产品 ②系统将在此业务审批通过后、且在生效日期当天，自动发送签署通知
关联任职资格	RelationQualificationData	2	启用	支持配置到列表或单上，可用于查看列表或表单上对应的职务序列或职务等数据关联的任职资格标准
司龄校正值（年）	WorkYearCompanyBefore	7	启用	用于调整最终累计司龄；如设置了离职重聘累计司龄或实习期间累计司龄，则在离职重聘和实习生转正时系统自动计算需累计期间的司龄并赋值；在职人员最终累计司龄=当前日期-入职日期+司龄校正值
累计工龄（年）	WorkYearTotal	7	启用	1、累计工龄（年）=（当前日期或最后工作日-参加工作日期）/365 + 工龄校正值（年）。每天通过定时任务计算在职人员的累计工龄 2、取整方式按小数位数向下舍位。修改后的取整方式在第二天定时任务计算后生效
工龄校正值（年）	WorkYearBefore	7	启用	单位为【年】，可以维护成正数或负数，维护后会用于累计工龄的计算
任职变动记录LookUp	EmploymentChangeLookUp	2	启用	1、主职任职记录创建后，系统自动为其生成一条任职变动记录，记录其在时间轴上前一条生效主职任职记录的id和此任职自身的id 2、可以用此字段下钻变动前任职记录的关联关系字段，显示变动前的任职情况
兼职信息	ParttimeJobInfo	2	启用	调动调整兼职场景展示兼职信息扩展字段
试用期(月)	Probation	5	启用	1、用于在入职及调整员工试用期时填写试用期月数 2、若人员已入职则此字段不可直接编辑，需通过人员详情页的【调整试用信息】按钮调整
新增下属执行时间	AddSubordinateExecuteTime	12	启用	用于记录新增下属执行的时间，此字段有值则不会再次执行新增下属动作
新增下属	AddSubordinate	2	启用	选择入职/调动生效时需要同时新增的下属
机构	OIdOrganization	5	启用	1、用于记录员工任职部门对应的机构 2、修改任职部门后，系统会自动为此字段赋值
业务单元	StdBusinessUnitID	5	启用	此字段为系统自动创建，请勿删除
人员来源	EmploymentSource	2	启用	字段选项可在组织员工设置中进行维护
变动说明	ChangeDesc	2	启用	变动说明
是否是插入的任职记录	IsInserted	4	启用	如果是插入的任职记录则为true，否则为false
修改时间	ModifiedTime	12	启用	记录该数据最新一次的修改时间
试用开始日期	ProbationStartDate	11	启用	标记员工试用期的开始日期，默认与入职日期相同，允许维护比入职日期晚的日期
修改人	ModifiedBy	5	启用	记录该数据最新一次的修改人
调动协议签署记录LookUp	TranferSignRecordLookUp	2	启用	记录员工调动电子签的签署记录id
员工ID	StaffID	2	启用	一个任职周期的唯一标示
失效日期	StopDate	11	启用	1、标记任职记录生效时段的结束日期 2、兼职记录中此字段可手动修改用以调整兼职结束日期；主职记录中由系统根据时间轴逻辑自动赋值，不可手动修改
是否变更合同	IsChangeContract	4	启用	1、调动时若此字段选择【是】，则会在调动时同时进行此人的合同变更业务 2、需要在表单上同时配置出变更后合同信息的字段
LU_签署记录	LookUpSignRecord	2	启用	记录员工入职电子签的签署记录id
职责转交LookUp	DutyTransferLookUp	2	启用	1、记录员工调动或离职/退休对应的职责转交数据id，业务进行中由系统自动赋值，不可手动修改 2、在调动、离职、退休场景的表单上配置此字段，可联动显示员工待转交的职责
入职日期(日)	EntryDateDay	6	启用	员工入职日期对应的自然日
调动调编结果	TranferChangeEstablishResult	2	启用	记录调动业务生效后，编制调整的执行结果
变动后状态	ChangedStatus	2	启用	此字段不再使用
LU_入职办理记录	LuEntryAffairsRecord	2	启用	1、记录员工本次入职对应的入职办理记录数据id 2、此字段上记录了此次入职的合同数据id以及扫码报到状态、入职准备和入职材料等信息
ExtendInfo	ExtendInfo	2	启用	携带拓展参数，内容由功能拓展决定
人员状态	EmployeeStatus	2	启用	不可直接编辑；可通过【调整试用信息】按钮维护试用期信息来更新人员状态
LU_Offer	LUOffer	2	启用	1、记录员工本次入职对应的Offer数据id 2、通过配置此关联关系下的字段可查看员工Offer的详情
LU_社保档案	LUSocialSecurityProfile	2	启用	1、在入职、实习转正、退休返聘等入职定薪场景中可下钻社保档案的关联关系字段 2、此字段不应直接用于填写和展示
任职类型	ServiceType	2	启用	用于记录任职是员工主职还是兼职。主职记录的任职类型为主职，兼职记录可选具体的任职类型。创建任职后不可修改
任职状态	ServiceStatus	2	启用	用于记录兼职任职的"任职中"或"任职结束"状态。任职状态仅针对兼职记录有意义，主职记录中此状态虽有值但没有使用意义
加入黑名单	AddOrNotBlackList	4	启用	员工离职退休时若选择【是】，可将员工加入黑名单，再次雇佣时会受限制
入职类型	EntryType	2	启用	记录任职周期的入职类型
是否当前生效	IsCurrentRecord	4	启用	此字段在审批状态=生效时才有参考价值。是否当前生效=是，意味着任职记录的生效日期~失效日期的时间段包含操作当日
入职日期	EntryDate	11	启用	1、标记员工本次进入公司的入职日期，入职后发生的转正、调动、离职任职记录中入职日期不会变化 2、若员工离职后重聘入职，入职日期与上段任职周期不同
工号	JobNumber	2	启用	1、用于企业标记员工的唯一信息 2、填写时支持不区分大小写进行工号重复校验；不支持模糊搜索，搜索时不区分大小写
部门(仅可用在搜索视图)	DepartmentTree	2	启用	系统字段，请勿配置在前台页面
专业条线	OIdProfessionalLine	2	启用	用于对职务、职位从专业技术维度进行分类，如财务、人力、市场、营销、工程等
调动交接LookUp	LUTransferHandoverV2Id	2	启用	1、在发起调动交接时系统自动记录对应交接记录的id，不可手动修改 2、可在列表中通过此字段下钻的关联关系字段展示调动交接详情
LU_新员工融入办理记录	LUJoinInAffairsRecordId	2	启用	系统字段，请勿配置在前台页面
职务	OIdJobPost	5	启用	记录员工每条任职记录的职务信息
试岗期信息LU	LUOnTrial	2	启用	1、调动同时试岗时可下钻试岗期信息的关联关系字段 2、不应直接用于填写和展示 3、使用调动同时试岗功能时需在表单上同时配置出【试岗方式】标准字段
部门_层级	DepartmentTree_TreeLevel	5	启用	(仅可用在搜索视图，勿乱用)
部门_路径	DepartmentTree_TreePath	2	启用	(仅可用在搜索视图，勿乱用)
编制信息	EstablishmentInfo	2	启用	用于联动显示任职部门、任职生效日期（入职日期、调动日期、转正日期）、细分维度值对应的编制数据
身份类型	IdentityLabel	2	启用	此字段不再使用
当前审批人	EmpRecCurrentApprovalUserID	2	启用	记录此条任职记录流程的当前审批人
排序编码1	OrderCode1	6	启用	用于添加排序编码，该编码通过配置排序规则并使用排序编码计算引擎计算出来
变动类型	ChangeTypeOID	2	启用	发生入转调离等任职业务时系统自动计算赋值，仅可用于展示和搜索，不可由用户填写
专用于Ocean的标志位字段	IsLatestFlagForOcean	4	启用	专用于Ocean的标志位字段，多租赁不维护值，ocean中通过ETL进行定时计算来赋值
工号（不分词）	JobNumberV2	2	启用	此字段仅用于搜索员工工号，支持模糊搜索，搜索时会区分大小写
部门	OIdDepartment	5	启用	记录员工任职所在的部门
业务修改人	BusinessModifiedBy	5	启用	最后的业务修改人
异动类型	TransitionTypeOID	2	启用	1、是业务类型下的子分类，用于记录员工任职变化的大类原因 2、在调动、离职等具体任职场景中此字段一般会有调动类型、离职类型等别名 3、可在组织员工设置中维护此字段的可选项目
调动调编执行备注	TranferChangeEstablishRemark	2	启用	记录调动业务生效后，编制调整执行的失败原因
默认入职日期入职	DefaultEntryTimeStatus	4	启用	在批量入职场景中，若此字段选择【是】，说明需要按各个入职人员的入职日期入职
生效日期	StartDate	11	启用	1、标记任职记录生效时段的开始日期 2、此字段可以手动修改
离职退休交接LookUp	DimissionHandoverLookUp	2	启用	1、在发起离职退休交接时系统自动记录对应交接记录的id，不可手动修改 2、可在列表中通过此字段下钻的关联关系字段展示交接详情
入职状态	EntryStatus	2	启用	录入待入职人员，进行延期入职或取消入职操作时，系统会为此字段赋值相应的入职状态，不可手动修改
试用到期天数	DaysDueForTrial	5	启用	该字段用于搜索即将到期的试用期人员
变动原因	ChangeReason	2	启用	1、是异动类型下的子分类，用于记录员工任职变化的较详细原因 2、在调动、离职等具体任职场景中此字段一般会有调动原因、离职原因等别名 3、可在组织员工设置中维护
最后工作日	LastWorkDate	11	启用	为员工离职、退休时在公司工作的最后一天，在最后工作日员工仍为在职状态。最后工作日的次日为离职、退休生效日期
加黑原因	BlackListAddReason	2	启用	离职、退休时若将员工加入黑名单，此字段可用于选择加黑的原因
修复码	FixCode	2	启用	用于记录修复痕迹
批量调动LookUp	LUBatchTransfer	2	启用	系统字段，请勿配置在前台页面
预计试用结束日期	ProbationStopDate	11	启用	1、记录有试用期人员的预计试用结束日期 2、若人员已入职则不可直接编辑，需通过【调整试用信息】按钮调整
LU_薪资档案	LUSalaryProfile	2	启用	1、在入职、实习转正、退休返聘等入职定薪场景中可下钻薪资档案的关联关系字段 2、不应直接用于填写和展示
职等	OidJobGrade	2	启用	1、标记人员任职的职等信息 2、与职级有联动关系：录入职级后，职等仅可在该职级的最低职等到最高职等之间选择
是否关键人员	IsKeyPerson	4	启用	是否关键人员
入职日期(年)	EntryDateYear	6	启用	员工入职日期对应的自然年
转正日期	RegularizationDate	11	启用	记录员工试用期转正的转正生效日期
OId	OId	2	启用	系统字段，请勿配置在前台页面
取消入职原因	ReasonForCancellation	2	启用	用于待入职人员取消入职时选择取消入职的原因，可在组织员工设置中维护
职务序列	OIdJobSequence	5	启用	标记人员的职务序列信息，如专业序列、管理序列等
加黑说明	BlackStaffDesc	2	启用	离职、退休时若将员工加入黑名单，此字段可用于简要记录加黑的说明
入职日期(月)	EntryDateMonth	6	启用	员工入职日期对应的自然月
业务类型	BusinessTypeOID	2	启用	用于记录员工入转调离等任职业务的类型，由系统按规则赋值，用户不可修改
雇佣关系	EmployType	2	启用	用于记录员工雇佣关系。只可使用系统标准选项（内部员工、实习生、外部人员），切勿自行新增选项，否则会出现使用异常
是否最新主职记录	IsLatestRecord	4	启用	此字段在任职类型=主职且审批状态=生效时才有参考价值。是否最新主职记录=是，意味着这条任职记录是时间轴上最新的一条审批状态为生效的任职
顺序号	Order	5	启用	无系统赋值逻辑。若需使用系统排序规则进行排序，请使用【排序编码】或【XX排序号】字段
人员类别	EmploymentType	2	启用	字段选项可在组织员工设置中进行维护
创建人	CreatedBy	5	启用	记录该数据的创建者
实习开始日期	TraineeStartDate	11	启用	实习开始日期
是否部门负责人	IsCharge	2	启用	入职、调动、新增兼职时若此字段选择【是】，在任职生效日期时会将员工设为任职部门的负责人
试用结果	ProbationResult	2	启用	用于试用期转正时填写试用结果
已发送业务消息	SendBizMsg	2	启用	-1标识还未发，否则表示应发的
备注	Remarks	2	启用	用于补充记录
是否带编制调动	IsTranferWithEstablish	4	启用	调动时若此字段选择【是】，则调动完成后人员原部门编制减1，新部门编制加1
试岗方式	OnTrialMode	2	启用	按照所选的试岗方式，本次调动完成后将创建试岗期信息；可在试岗期管理中查看和管理人员的试岗信息
LU_调薪管理	LUSalaryAdjustment	2	启用	1、调动或转正时可下钻调薪管理的关联关系字段 2、不应直接用于填写和展示 3、使用调动调薪功能时需在表单上同时配置出【是否调整薪资】标准字段
实际试用结束日期	ProbationActualStopDate	11	启用	人员转正后自动计算此日期，为转正生效日期的前一天
排序编码	OrderCode	6	启用	用于添加排序编码，该编码通过配置排序规则并使用排序编码计算引擎计算出来
组织单元ID	OrgObjectID	2	启用	组织单元的ObjectID
创建时间	CreatedTime	12	启用	记录该数据的创建时间
业务修改时间	BusinessModifiedTime	12	启用	最后的业务修改时间
工作流实例Id	WorkFlowProcessId	2	启用	系统字段，请勿配置使用
工作地点	Place	2	启用	用于记录员工工作地点所在的行政区域
审批状态	ApprovalStatus	2	启用	系统字段，详细说明请查看人事云产品使用手册中的【系统字段含义介绍】部分
试用期考核LookUp	LU_ProbationEvaluation	2	启用	1、发起试用期考核或转正考核后记录对应的考核记录id 2、可通过此字段关联显示对应考核记录的具体信息
是否有试用期	IsHaveProbation	2	启用	是否有试用期
删除状态	StdIsDeleted	4	启用	此字段为系统自动创建，请勿删除
离职后去向	Whereabouts	2	启用	1、员工离职时可标记员工的离职后去向 2、默认选项：同行业其他公司、体系内其他公司、其他行业、去其他城市发展；选项内容可自定义
审批对象数据id	ApprovalObjectID	2	启用	1、发起任职业务审批流程后记录对应的审批数据id 2、可通过此字段关联显示审批流字段信息
