一级菜单	二级菜单	租户管理员	系统管理员	员工管理员	用户管理员	权限管理员	矩阵管理员	审计管理员	计费管理员
管理后台首页	--	√	√	√	√	√	·	·	·
用户管理	内部员工	√	√	√	√	·	·	·	·
用户管理	外部用户	√	√	√	√	·	·	·	·
用户管理	全部用户	√	√	√	√	·	·	·	·
权限管理	用户授权	√	√	·	√	√	·	·	·
权限管理	管理员	√	√	·	√	√	·	·	·
权限管理	管理单元	√	√	·	√	√	·	·	·
权限管理	实施人员授权	√	·	·	·	·	·	·	·
权限管理	动态授权	√	·	·	·	·	·	·	·
权限管理	权限查询	√	·	·	·	·	·	√	·
权限管理	身份管理	√	√	·	·	·	·	·	·
权限管理	菜单组管理	√	√	·	·	·	·	·	·
组织架构	组织	√	√	√	·	·	·	·	·
组织架构	职务	√	√	√	·	·	·	·	·
组织架构	职务类别	√	√	√	·	·	·	·	·
数据导入	--	√	√	√	·	·	·	·	·
企业信息	--	√	√	·	·	·	·	·	·
企业安全	通讯录设置	√	·	·	·	·	·	·	·
企业安全	安全设置	√	·	·	·	·	·	·	·
企业安全	水印设置	√	·	·	·	·	·	·	·
企业安全	受信IP设置	√	·	·	·	·	·	·	·
企业安全	系统支持设置	√	·	·	·	·	·	·	·
企业安全	安全协议设置	√	·	·	·	·	·	·	·
企业安全	协议签署记录	√	·	·	·	·	·	·	·
企业安全	字段加密设置	√	·	·	·	·	·	·	·
企业安全	字段脱敏设置	√	·	·	·	·	·	·	·
企业安全	人员数据清除	√	·	·	·	·	·	·	·
日志审计	登录日志	√	·	·	·	·	·	√	·
日志审计	业务操作日志	√	·	·	·	·	·	√	·
日志审计	应用配置日志	√	·	·	·	·	·	√	·
日志审计	消息发送日志	√	·	·	·	·	·	√	·
日志审计	脱敏字段查看日志	√	·	·	·	·	·	√	·
许可管理	余额	√	√	·	·	·	·	·	√
许可管理	余额分配组	√	√	·	·	·	·	·	·
许可管理	使用明细	√	·	·	·	·	·	·	√
许可管理	短信失败记录	√	·	·	·	·	·	·	·
流程矩阵	矩阵管理	√	√	·	·	·	√	·	·
流程矩阵	矩阵设置	√	√	·	·	·	√	·	·
语言与时区	--	√	·	·	·	·	·	·	·
门户设置	企业信息	√	·	·	·	·	·	·	·
门户设置	域名设置	√	√	·	·	·	·	·	·
门户设置	登录设置	√	√	·	·	·	·	·	·
门户设置	第三方设置	√	·	·	·	·	·	·	·
门户设置	系统换肤	√	·	·	·	·	·	·	·
门户设置	PC页面管理	√	√	·	·	·	·	·	·
组织单元设置	组织全称显示设置	√	·	·	·	·	·	·	·
员工功能设置	个人设置管理	√	·	·	·	·	·	·	·
员工功能设置	个人主页设置	√	·	·	·	·	·	·	·
员工功能设置	iTalent工作台设置	√	·	·	·	·	·	·	·
员工功能设置	iTalent顶部菜单组设置	√	·	·	·	·	·	·	·
短信设置	短信签名设置	√	·	·	·	·	·	·	·
移动端设置	APP菜单设置	√	·	·	·	·	·	·	·
移动端设置	APP页面设置	√	·	·	·	·	·	·	·
移动端设置	APP通用设置	√	·	·	·	·	·	·	·
移动端设置	签到设置	√	·	·	·	·	·	·	·
日志权限设置	数据变更日志权限	√	·	·	·	·	·	·	·
其他设置	系统设置	√	√	√	√	·	·	·	·
其他设置	数据权限设置	√	·	·	·	·	·	·	·
其他设置	企业日程设置	√	√	·	·	·	·	·	·
其他设置	人才对比设置	√	·	·	·	·	·	·	·
其他设置	胜任力	√	√	√	√	·	·	·	·
其他设置	任务设置	√	·	·	·	·	·	·	·
其他设置	邮件服务设置	√	·	·	·	·	·	·	·
其他设置	管理单元设置	√	·	·	·	·	·	·	·
其他设置	受信IP生效范围设置	√	·	·	·	·	·	·	·
币种与汇率	币种设置	√	·	·	·	·	·	·	·
币种与汇率	汇率表	√	·	·	·	·	·	·	·
