一级菜单	二级菜单	三级菜单	标准版系统管理员	人事管理员	组织管理员	经理	普通员工	待入职人员	行政职能管理员	人事专员	实施顾问
组织员工	人员信息	人员	1	1	0	0	0	0	0	1	1
组织员工	人员信息	黑名单管理	1	1	0	0	0	0	0	1	1
组织员工	人员信息	员工信息审批	1	1	0	0	0	0	0	1	1
组织员工	录用入职	Offer管理	1	1	0	0	0	0	0	1	1
组织员工	录用入职	入职管理	1	1	0	0	0	0	0	1	1
组织员工	录用入职	新员工融入	1	1	0	0	0	0	0	1	1
组织员工	录用入职	新员工入职介绍	1	1	0	0	0	0	1	1	1
组织员工	录用入职	读取身份证	1	1	0	0	0	0	0	0	1
组织员工	任职管理	试用期管理	1	1	0	0	0	0	0	1	1
组织员工	任职管理	调动管理	1	1	0	0	0	0	0	1	1
组织员工	任职管理	试岗期管理	1	1	0	0	0	0	0	1	1
组织员工	任职管理	实习生管理	1	1	0	0	0	0	0	1	1
组织员工	任职管理	离职管理	1	1	0	0	0	0	0	1	1
组织员工	任职管理	退休管理	1	1	0	0	0	0	0	1	1
组织员工	任职管理	兼职管理	1	1	0	0	0	0	0	1	1
组织员工	任职管理	任职记录	1	1	0	0	0	0	0	1	1
组织员工	任职管理	汇报关系	1	1	0	0	0	0	0	1	1
组织员工	合同协议		1	1	0	0	0	0	0	1	1
组织员工	人员子集	教育经历	1	1	0	0	0	0	0	1	1
组织员工	人员子集	工作履历	1	1	0	0	0	0	0	1	1
组织员工	人员子集	家庭成员	1	1	0	0	0	0	0	1	1
组织员工	人员子集	考核结果	1	1	0	0	0	0	0	1	1
组织员工	人员子集	培训经历	1	1	0	0	0	0	0	1	1
组织员工	人员子集	表彰与奖励	1	1	0	0	0	0	0	1	1
组织员工	人员子集	证书执照	1	1	0	0	0	0	0	1	1
组织员工	人员子集	项目经历	1	1	0	0	0	0	0	1	1
组织员工	人员子集	专业技能	1	1	0	0	0	0	0	1	1
组织员工	人员子集	语言能力	1	1	0	0	0	0	0	1	1
组织员工	人员子集	材料管理	1	1	0	0	0	0	0	1	1
组织员工	组织管理	组织	1	0	1	0	0	0	0	0	1
组织员工	组织管理	组织架构	1	0	1	0	0	0	0	0	1
组织员工	组织管理	组织调整审批	1	0	1	0	0	0	0	0	1
组织员工	组织管理	法人公司	1	0	1	0	0	0	0	0	1
组织员工	职务体系	职务序列	1	0	1	0	0	0	0	0	1
组织员工	职务体系	职级类别	1	0	1	0	0	0	0	0	1
组织员工	职务体系	职等	1	0	1	0	0	0	0	0	1
组织员工	职务体系	职级	1	0	1	0	0	0	0	0	1
组织员工	职务体系	职务	1	0	1	0	0	0	0	0	1
组织员工	职务体系	职位	1	0	1	0	0	0	0	0	1
组织员工	职务体系	职位审批	1	0	1	0	0	0	0	0	1
组织员工	职务体系	职务职级图谱	1	0	1	0	0	0	0	0	1
组织员工	编制管理	组织编制	1	0	1	0	0	0	0	0	1
组织员工	编制管理	细分编制	1	0	1	0	0	0	0	0	1
组织员工	编制管理	编制审批	1	0	1	0	0	0	0	0	1
组织员工	编制管理	编制设置	1	0	1	0	0	0	0	0	1
组织员工	职责转交		1	1	0	0	0	0	0	0	1
组织员工	数据分析	人事看板	1	1	0	0	0	0	0	0	1
组织员工	数据分析	员工名册	1	1	0	0	0	0	0	0	1
组织员工	数据分析	员工结构	1	1	0	0	0	0	0	0	1
组织员工	数据分析	流动情况	1	1	0	0	0	0	0	0	1
组织员工	数据分析	合同情况	1	1	0	0	0	0	0	0	1
组织员工	数据分析	报表统计	1	1	0	0	0	0	0	0	1
设置	组织	组织类型	1	0	1	0	0	0	0	0	1
设置	组织	组织层级	1	0	1	0	0	0	0	0	1
设置	组织	专业条线	1	0	1	0	0	0	0	0	1
设置	组织	组织架构图显示信息	1	0	1	0	0	0	0	0	1
设置	员工	任职类型	1	1	0	0	0	0	0	0	1
设置	员工	异动类型	1	1	0	0	0	0	0	0	1
设置	员工	变动原因	1	1	0	0	0	0	0	0	1
设置	员工	人员来源	1	1	0	0	0	0	0	0	1
设置	员工	人员类别	1	1	0	0	0	0	0	0	1
设置	员工	用工形式	1	1	0	0	0	0	0	0	1
设置	员工	工号生成规则	1	1	0	0	0	0	0	0	1
设置	员工	执业（职业）资格名称	1	1	0	0	0	0	0	0	1
设置	员工	专业技术职务名称	1	1	0	0	0	0	0	0	1
设置	员工	司龄累计设置	1	1	0	0	0	0	0	0	1
设置	员工	员工档案完整度设置	1	1	0	0	0	0	0	0	1
设置	员工	职责转交设置	1	1	0	0	0	0	0	0	1
设置	员工	其他设置	1	1	0	0	0	0	0	0	1
设置	Offer管理	Offer拒绝/取消入职原因	1	1	0	0	0	0	0	0	1
设置	Offer管理	Offer同步规则	1	1	0	0	0	0	0	0	1
设置	Offer管理	Offer编辑和发送	1	1	0	0	0	0	0	0	1
设置	Offer管理	Offer模板	1	1	0	0	0	0	0	0	1
设置	Offer管理	链接有效期	1	1	0	0	0	0	0	0	1
设置	Offer管理	Offer管理授权模式	1	1	0	0	0	0	0	0	1
设置	入职	入职前信息采集规则	1	1	0	0	0	0	0	0	1
设置	入职	材料设置	1	1	0	0	0	0	0	0	1
设置	入职	入职准备事项	1	1	0	0	0	0	0	0	1
设置	入职	入职准备事项发起/催办设置	1	1	0	0	0	0	0	0	1
设置	入职	入职必备事项设置	1	1	0	0	0	0	0	0	1
设置	入职	欢迎信	1	1	0	0	0	0	0	0	1
设置	入职	新员工融入设置	1	1	0	0	0	0	0	0	1
设置	入职	生成邮箱规则	1	1	0	0	0	0	0	0	1
设置	入职	重聘/返聘判定规则	1	1	0	0	0	0	0	0	1
设置	入职	入职管理授权模式	1	1	0	0	0	0	0	0	1
设置	入职	其他设置	1	1	0	0	0	0	0	0	1
设置	转正	自动转正	1	1	0	0	0	0	0	0	1
设置	转正	自动发起试用期考核	1	1	0	0	0	0	0	0	1
设置	调动管理	调动类型	1	1	0	0	0	0	0	0	1
设置	调动管理	调动原因	1	1	0	0	0	0	0	0	1
设置	调动管理	调动交接事项	1	1	0	0	0	0	0	0	1
设置	调动管理	调动交接发起规则	1	1	0	0	0	0	0	0	1
设置	调动管理	调动后部门权限控制	1	1	0	0	0	0	0	0	1
设置	调动管理	其他设置	1	1	0	0	0	0	0	0	1
设置	离职退休	离职类型	1	1	0	0	0	0	0	0	1
设置	离职退休	离职原因	1	1	0	0	0	0	0	0	1
设置	离职退休	离职去向	1	1	0	0	0	0	0	0	1
设置	离职退休	离职/退休生效时终止在途流程	1	1	0	0	0	0	0	0	1
设置	离职退休	离职/退休交接事项	1	1	0	0	0	0	0	0	1
设置	离职退休	离职/退休交接发起规则	1	1	0	0	0	0	0	0	1
设置	离职退休	自动计算预计退休日期	1	1	0	0	0	0	0	0	1
设置	离职退休	自动发送离职问卷	1	1	0	0	0	0	0	0	1
设置	合同协议	合同类型	1	1	0	0	0	0	0	0	1
设置	合同协议	自动续签	1	1	0	0	0	0	0	0	1
设置	合同协议	合同管理设置	1	1	0	0	0	0	0	0	1
设置	公共设置	自动编码	1	1	1	0	0	0	0	0	1
设置	公共设置	排序规则	1	1	0	0	0	0	0	0	1
设置	公共设置	字段映射	1	1	0	0	0	0	0	0	1
设置	公共设置	不继承字段设置	1	1	0	0	0	0	0	0	1
设置	公共设置	工牌模板	1	1	0	0	0	0	0	0	1
设置	公共设置	任职信息联动薪资范围	1	1	0	0	0	0	0	0	1
设置	公共设置	取消入职/离职人员储备人才库	1	1	0	0	0	0	0	0	1
设置	公共设置	身份证读卡器设置	1	1	0	0	0	0	0	0	1
设置	公共设置	待办/通知发送时间	1	1	0	0	0	0	0	0	1
设置	公共设置	导入历史	1	1	0	0	0	0	0	0	1
