名称	编码	级别	人事管理员已勾选	部门负责人已勾选
导入	ImportExternalV2	列表	1	0
导入	ImportForEntryV2	列表	1	0
导入	ImportMultiRecordV2	列表	1	1
导入	ImportEmployeeV2	列表	1	1
导出至飞书多维表格	SyncMultiDimTable	列表	0	0
他人调动申请	EmploymentRecord.TransferApproval	列表	1	1
离职	EmpRecord.Dimission	列表	1	0
离职申请	EmploymentRecrd.DimissionApproval	列表	1	1
调动	Employment.Tranfer	列表	1	0
关联已选	RcdAssociateSelected	列表	1	0
关联全部	RcdAssociateAll	列表	1	0
导出全部	ExportAllItems	列表	1	0
导出已选	ExportSelectedItems	列表	1	0
新增兼职申请	AddParttimeJobApproval	列表	1	1
新增兼职申请	EmpRecordCreateParttimeJobApproval	列表	1	1
批量打印离职证明	EmpRecordDimissionprintCertification	列表	1	0
离职证明电子签署	MulLaunchESDimissionProof	列表	1	0
批量发起离职交接	BatchDimissionHandoverApproval	列表	1	0
打印离职退休交接单	PrintTurnoverForm	列表	1	0
调动发起电子签署	MulLaunchESignTranfer	列表	1	0
批量调动申请(一单)	BatchTransferApply	列表	1	1
批量发起调动交接	BatchTransferHandoverApproval	列表	1	0
离职申请	MyTransition.dimissionApproval	列表	1	1
导入附件	extdaorufujian	列表	1	1
员工调入	OrgAdjustTransferIn	列表	0	0
结束兼职	OrgAdjustEndParttime	列表	0	0
新增兼职	OrgAdjustAddParttime	列表	0	0
员工异动	OrgAdjustInnerTransfer	列表	0	0
入职前信息采集二维码	GenerateCollectInfoQrCodeBtn	列表	1	0
报到二维码	QuickEntryOrCodeBtnA	列表	1	0
发起入职准备	EmploymentRecord.RaiseTodos	列表	1	0
通知采集信息	EmploymentRecord.CollectInfoBeforeEntry	列表	1	0
批量编辑	BatchEditMultiFieldsForEntry	列表	1	0
发起背调	RecordSendBackCheck	列表	1	0
职级调整申请	JobLevelTransferApproval	列表	1	0
外派申请	Customized1TransferApproval	列表	1	1
批量编辑	BatchUpdateLaborToInnerApproval	列表	0	0
批量删除	BatchDeleteLaborToInnerRecord	列表	0	0
导入	ImportToTableLaborToInner	列表	0	0
添加人员	LaborToInnerAddStaff	列表	0	0
批量劳务转正式申请	BatchLaborToInnerApproval	列表	1	1
入职审批校验电子签	EntryApprovalingMulCheckESign	列表	1	0
干部提名	CadreTalentNominate	列表	1	1
扫码入职	CreateMulentryQRCodeBtn	列表	1	1
发起电子签署	EntriedMultiSubmitSign	列表	1	0
发起电子签署	ForEntryMulLaunchElectronicSignature	列表	1	0
批量删除兼职	BatchDelParttimeJob	列表	1	0
评定提名	EvaluationSuperiorsNominationBtn	列表	0	1
批量调动类型3申请	Customized3BatchTransferMultiApproval	列表	1	0
批量调动类型4申请	Customized4BatchTransferApproval	列表	1	0
批量调动类型4申请	Customized4BatchTransferMultiApproval	列表	1	0
批量调动类型5申请	Customized5BatchTransferApproval	列表	1	0
批量调动类型5申请	Customized5BatchTransferMultiApproval	列表	1	0
批量调动类型6申请	Customized6BatchTransferApproval	列表	1	0
批量调动类型6申请	Customized6BatchTransferMultiApproval	列表	1	0
批量调动类型7申请	Customized7BatchTransferApproval	列表	1	0
批量调动类型7申请	Customized7BatchTransferMultiApproval	列表	1	0
批量跨部门调动申请	DepartmentBatchTransferApproval	列表	1	0
批量跨部门调动申请	DepartmentBatchTransferMultiApproval	列表	1	0
批量职级调整申请	JobLevelBatchTransferApproval	列表	1	0
批量职级调整申请	JobLevelBatchTransferMultiApproval	列表	1	0
批量职务职位调整申请	JobPostBatchTransferApproval	列表	1	0
批量职务职位调整申请	JobPostBatchTransferMultiApproval	列表	1	0
批量调动类型3申请	Customized3BatchTransferApproval	列表	1	0
批量调动类型1申请	Customized1BatchTransferApproval	列表	1	0
批量调动类型1申请	Customized1BatchTransferMultiApproval	列表	1	0
批量调动类型2申请	Customized2BatchTransferApproval	列表	1	0
批量调动类型2申请	Customized2BatchTransferMultiApproval	列表	1	0
转换到实习生(废弃)	TransformTrainee	列表	0	0
模板下载	TemplateDownLoad	列表	0	0
发送离职问卷调查	SendDismissionAnswerSurveyPageList	列表	1	0
退休申请	SelectOneRetireApproval	列表	1	0
批量下载附件	RosterBatchDownload	列表	1	0
打印登记表	PrintEntryRegSheet	列表	1	0
职务职位调整申请	PersonalJobPostTransferApproval	列表	1	0
职级调整申请	PersonalJobLevelTransferApproval	列表	1	0
延长兼职申请	PersonalExtendParttimeJobApproval	列表	0	0
结束兼职申请	PersonalEndParttimeJobApproval	列表	1	1
跨部门调动申请	PersonalDepartmentTransferApproval	列表	1	0
调动类型7申请	PersonalCustomized7TransferApproval	列表	1	0
调动类型6申请	PersonalCustomized6TransferApproval	列表	1	0
调动类型5申请	PersonalCustomized5TransferApproval	列表	1	0
调动类型4申请	PersonalCustomized4TransferApproval	列表	1	0
调动类型3申请	PersonalCustomized3TransferApproval	列表	1	0
调动类型2申请	PersonalCustomized2TransferApproval	列表	1	0
调动类型1申请	PersonalCustomized1TransferApproval	列表	1	0
退休申请	MyTransitionRetireApproval	列表	0	0
本人调动申请	MyTransition.transferApproval	列表	1	1
转正申请	MyTransition.probationPositiveApproval	列表	1	1
转交	MergeTodoTransmitTo	列表	0	1
重新提交	MergeTodoResubmit	列表	0	1
驳回到发起人	MergeTodoRejectToStart	列表	0	1
不同意	MergeTodoDisAgree	列表	0	1
批量编辑	MergeTodoBatchEdit	列表	0	1
批量编辑	MergeTodoBatchDismissionEdit	列表	0	1
同意	MergeTodoAgree	列表	0	1
发起信息采集	LaborServiceCollectInfo	列表	1	0
任务管理	JumpEmpJoinInTaskIndexPage	列表	1	0
职务职位调整申请	JobPostTransferApproval	列表	1	0
职务职位调整	JobPostTransfer	列表	1	0
职级调整	JobLevelTransfer	列表	1	0
按指定范围	InServiceCollectInfoUseScope	列表	1	0
导入	ImportTransfer	列表	1	0
导入	ImportTrainee	列表	1	0
从Excel导入	ImportToDisableTableDismissionApprovalRecord	列表	1	1
导入	ImportParttimeJob	列表	1	0
导入	ImportMultiRecord	列表	1	0
导入	ImportHistoricalDepartures	列表	1	1
导入	ImportExternal	列表	1	0
导入	ImportDimission	列表	1	0
办理离职	HandleResignation	列表	0	0
废弃功能勿用	FixDeleteEmployee	列表	0	0
导出	ExportRevocationResignation	列表	1	0
提醒必备事项	EntryReminderEvent	列表	1	0
打印	EmpRecordTransferprintlist	列表	0	0
打印	EmpRecordRetirementPrintlist	列表	1	0
打印	EmpRecordProbationprintlist	列表	1	1
按所选人员	EmpRecordInitiateInServiceCollectInfo	列表	1	0
打印	EmpRecordDimissionprintlist	列表	1	1
打印工牌	EmpRecordBatchPrintBadge	列表	1	0
批量编辑	EmpRecord.BatchEditTrainee	列表	1	0
导出数据	EmploymentRecordExport	列表	1	0
实习转正申请	EmploymentRecord.TraineeEntryApproval	列表	0	1
调动申请(第三方)	EmploymentRecord.ThirdPartTransferApproval	列表	1	0
离职申请(第三方)	EmploymentRecord.ThirdPartDimissionApproval	列表	1	0
调入申请	EmploymentRecord.InterOrgTransferApproval	列表	1	0
修复新增（废弃）	EmploymentRecord.FixAdd	列表	0	0
取消入职	EmploymentRecord.EntryCancel	列表	1	0
新增兼职	EmploymentRecord.CreateParttimeJob	列表	1	0
批量调动	EmploymentRecord.BatchTransfer	列表	1	0
批量停用	EmploymentRecord.BatchStop	列表	1	0
批量转正申请	EmploymentRecord.BatchProbationPositiveApproval	列表	1	0
发起试用中考核	EmploymentRecord.BatchProbationEvaluationApproval	列表	1	0
发起转正考核	EmploymentRecord.BatchEntryEvaluationApproval	列表	1	0
批量结束兼职	EmploymentRecord.BatchEndParttimeList	列表	1	0
批量编辑	EmploymentRecord.BatchEditExternalEmploee	列表	1	0
改期入职	EmploymentRecord.BatchDelayEntryFunc	列表	1	1
退休	Employment.Retired	列表	1	0
导入	EmployeementRecord.Import	列表	0	0
批量编辑	Employ.BatchEdit	列表	1	0
新增劳务人员	EmpInfoCreateLabor	列表	1	1
添加待入职	EmpInfo.ListCreate	列表	1	1
新增实习生	EmpInfo.CreateTrainee	列表	1	0
新增员工	EmpInfo.CreateStaff	列表	1	0
批量调动	EmpInfo.BatchTransfer	列表	1	0
批量生成人员信息表	EmpInfo.BatchGenerateCard	列表	1	0
批量结束实习	EmpInfo.BatchFinishTrainee	列表	1	0
下载模板	DownLoadTransferTemplate	列表	1	0
下载模板	DownloadTraineeTemplate	列表	1	0
下载模板	DownloadImportParttimeTemplate	列表	1	0
下载模板	DownloadImportMultiRecordTemplate	列表	1	0
下载模板	DownloadImportForEntryTemplate	列表	1	0
下载模板	DownLoadHistoricalDeparturesTemplate	列表	1	0
下载模板	DownloadExternalTemplate	列表	1	0
下载模板	DownloadDimissionTemplate	列表	1	0
删除	DismissionApprovalRecordDelete	列表	1	0
跨公司调动申请	DepartmentTransferApproval	列表	1	1
跨部门调动	DepartmentTransfer	列表	1	0
调动类型7申请	Customized7TransferApproval	列表	1	0
调动类型7	Customized7Transfer	列表	1	0
调动类型6申请	Customized6TransferApproval	列表	1	0
调动类型6	Customized6Transfer	列表	1	0
调动类型5申请	Customized5TransferApproval	列表	1	0
调动类型5	Customized5Transfer	列表	1	0
调动类型4申请	Customized4TransferApproval	列表	1	0
调动类型4	Customized4Transfer	列表	1	0
调动类型3申请	Customized3TransferApproval	列表	1	0
调动类型3	Customized3Transfer	列表	1	0
调动类型2申请	Customized2TransferApproval	列表	1	0
调动类型2	Customized2Transfer	列表	1	0
调动类型1	Customized1Transfer	列表	1	1
新建职位申请	CreatePositionApproval	列表	0	0
新建职位	CreatePosition	列表	0	0
新增外部人员	CreateExternalPerson	列表	1	0
新建合同申请	CreateContractApproval	列表	0	0
新员工报到	ConsoleShopQkEntryOrCodeBtn	列表	0	0
调入申请	ConsoleShopownerTransferIn	列表	0	0
调动申请	ConsoleShopownerTransferApproval	列表	0	0
信息采集	ConsoleShopownerCollectInfoQrCodeBtn	列表	0	0
跨业务单元调动申请	BusinessUnitTransfer	列表	0	0
批量调动申请(多单)	BatchTransferMultiApply	列表	1	1
批量实习转正申请	BatchTraineePositiveApproval	列表	1	0
批量实习转正	BatchTraineePositive	列表	1	0
批量发起退休交接	BatchRetireHandoverApproval	列表	1	0
批量催办	BatchRemind	列表	1	0
批量转正	BatchProbationPositive	列表	1	0
材料提交催办	BatchPressSB	列表	1	0
批量发起融入计划	BatchInitiateJoinIn	列表	1	0
批量入职	BatchEntryNew	列表	1	1
批量入职申请	BatchEntryApprovalNew	列表	1	0
批量入职(废弃)	BatchEntry	列表	0	0
批量编辑	BatchEditMultifield	列表	1	0
批量编辑	BatchEditExternalMultifield	列表	1	0
批量离职申请	BatchDismissionMultiApply	列表	1	0
批量催办交接	BatchDismissHandoverRemind	列表	1	1
批量调整汇报关系	BatchAdjustmentReportingRelationship	列表	1	0
批量调动	Basic.BatchTranser	列表	0	0
编辑	ApprovalEditTransferDetails	列表	0	0
编辑	ApprovalEditJobPostTransferDetails	列表	0	0
编辑	ApprovalEditJobLevelTransferDetails	列表	0	0
编辑	ApprovalEditDepartmentTransferDetails	列表	0	0
编辑	ApprovalEditCustomized7TransferDetails	列表	0	0
编辑	ApprovalEditCustomized6TransferDetails	列表	0	0
编辑	ApprovalEditCustomized5TransferDetails	列表	0	0
编辑	ApprovalEditCustomized4TransferDetails	列表	0	0
编辑	ApprovalEditCustomized3TransferDetails	列表	0	0
编辑	ApprovalEditCustomized2TransferDetails	列表	0	0
编辑	ApprovalEditCustomized1TransferDetails	列表	0	0
添加人员	AddStaffDismissionApprovalRecord	列表	1	0
新增员工申请	AddEmployeeApproval	列表	1	0
新建合同	AddContract	列表	0	0
邀请激活账号	ActivationInvite	列表	1	0
发起电子签	extfaqidianziqian	列表	1	1
导入待入职	ImportForEntry	列表	1	0
批量离职	Basic.BatchDismission	列表	1	0
调动申请	EmploymentRecord.LineOp.TransferApproval	列表行	1	1
离职	EmploymentRecord.LineOp.Dismission	列表行	1	0
离职申请	EmploymentRecord.LineOp.DismissionApproval	列表行	1	1
调动	EmploymentRecord.LineOp.Transfer	列表行	1	0
打印转正审批表	EmpRecordProbationprintRow	列表行	1	1
转正申请	EmploymentRecord.LineOp.PositiveApproval	列表行	1	1
退休申请	LineOpRetireApproval	列表行	1	0
调动发起电子签署	TranferRowLaunchElectronicSign	列表行	1	0
发起退休交接	LineOpRetireHandoverApproval	列表行	1	0
打印退休表单	EmpRecordRetirementPrintRow	列表行	1	0
打印离职表单	EmpRecordDimissionprintRow	列表行	1	1
离职证明电子签署	RowESDimissionProofFunc	列表行	1	0
打印离职证明	EmpRecordRowDimissionprintCertification	列表行	1	0
打印调动表单	EmpRecordTransferprintRow	列表行	1	1
发起调动交接	TransferHandoverApproval	列表行	1	0
发起离职交接	EmploymentRecrdLineOpDimissionHandoverApproval	列表行	1	0
删除	OrgAdjustParttimeLineOpDelete	列表行	0	0
编辑	OrgAdjustAddPartimeEdit	列表行	0	0
编辑	OrgAdjustTransferEdit	列表行	0	0
删除	OrgAdjustLineOpDelete	列表行	0	0
编辑试用期	EditProbation	列表行	1	0
入职	EmploymentRecord.Entry	列表行	1	0
编辑	EmploymentRecord.LineOp.Edit	列表行	1	1
查看操作日志	ViewOperationLogEmpRecordButton	列表行	1	0
修改撤销原因	UpdateRevocationResignationReason	列表行	1	0
编辑	UpdateExternalPerson	列表行	1	0
转交	TransferProcess	列表行	1	0
通知采集信息	TableLineCollectInfoBeforeEntry	列表行	1	0
实习转正电子签	RowESignTrainerPositive	列表行	1	0
撤销	RevokeForJoinInBtn	列表行	1	0
重新启用	ReStartExternalPerson	列表行	1	0
编辑	RecordTableRowEdit	列表行	1	0
编辑	MergeToDoEdit	列表行	0	1
编辑	MergeDismissionToDoEdit	列表行	0	1
催办	JoinInAffairsUrge	列表行	1	0
发起电子签署	ForEntryRowLaunchElectronicSignature	列表行	1	1
合同变更电子签署	ESChangeContractTableRow	列表行	1	0
发起电子签署	EntriedSubmitSign	列表行	1	0
结束兼职申请	EndParttimeJobApproval	列表行	1	1
催办	EmpRecUrging	列表行	1	0
撤销	EmpRecRevoke	列表行	1	0
劳务转正式	EmpRecordLaborToInnerLineOp	列表行	0	0
劳务转正式申请	EmpRecordLaborToInnerApprovalLineOp	列表行	1	1
延长兼职申请	EmpRecordExtendParttimeJobApproval	列表行	1	1
生成离职证明	EmploymentRecrod.GenDimissionProve	列表行	0	0
编辑	EmploymentRecordEditLabor	列表行	1	1
转正申请(第三方)	EmploymentRecord.LineOp.ThirdPartProbativeApproval	列表行	1	0
入职申请(第三方)	EmploymentRecord.LineOp.ThirdPartEntryApproval	列表行	1	0
退休	EmploymentRecord.LineOp.Retire	列表行	1	0
发起入职准备	EmploymentRecord.LineOp.RaiseEntry	列表行	1	0
转正	EmploymentRecord.LineOp.Positive	列表行	1	0
编辑	EmploymentRecord.LineOp.ParttimeEdit	列表行	1	0
结束	EmploymentRecord.LineOp.EndParttime	列表行	1	0
编辑	EmploymentRecord.LineOp.EditTraineeRecord	列表行	1	1
编辑	EmploymentRecord.LineOp.EditTrainee	列表行	1	0
编辑任职	EmploymentRecord.LineOp.EditRecord	列表行	1	0
删除任职	EmploymentRecord.LineOp.DelRecord	列表行	1	0
删除	EmploymentRecord.LineOp.Delete	列表行	1	0
删除人员	EmploymentRecord.LineOp.DelEmp	列表行	1	0
入职申请	EmploymentRecord.EntryApproval	列表行	1	0
停用	EmploymentRecord.DisableExternalPerson	列表行	1	0
实习转正	EmpInfo.TraineePositive	列表行	1	0
实习转正申请	EmpInfo.TraineeApproval	列表行	1	1
结束实习	EmpInfo.FinishTrainee	列表行	1	0
编辑人员	EditUser	列表行	1	0
编辑实习生	EditTraineeInfoAndRecordOnLineOp	列表行	1	0
编辑离职	EditDimissionRecord	列表行	0	0
删除	DismissionApprovalRecordLineOpDelete	列表行	1	0
撤销离职	CancelDimissionList	列表行	1	0
调整汇报关系	AdjustReportingRelationship	列表行	1	0
新建合同	AddContractLineOp	列表行	0	0
新建合同申请	AddContractApprovalLineOp	列表行	0	0
入职电子签	LaunchEntryESign	详情页	1	0
驳回到发起人	RejectQRCodeDetail	详情页	1	0
同意	DutyApproval	详情页	1	1
同意	EmploymentRecord.Approval	详情页	1	1
同意	SimpleDutyApproval	详情页	0	0
同意	SimpleDutyAggre	详情页	0	0
同意	EmploymentRecord.Aggre	详情页	1	1
不同意	EmploymentRecord.Disagree	详情页	1	1
入职审批校验电子签	EntryApprovalingCheckESign	详情页	1	0
编辑	ApprovalingEditWeakDutyTransfer	详情页	0	0
编辑	ApprovalingEdit	详情页	0	0
编辑	ApprovalingEditStrongDutyTransfer	详情页	0	0
入职审批中编辑（含入职电子签校验）	EntryApprovalingCheckESignEdit	详情页	1	0
重新提交	EmploymentRecord.ReSubmit	详情页	1	1
编辑已驳回调动	EditTransferRejected	详情页	1	0
编辑已驳回转正	EditProbationRejected	详情页	1	0
查看操作日志	ViewOperationLogsDetail	详情页	0	0
编辑	UpdateApprovingPositive	详情页	1	0
发起电子签署	TranferDPLaunchElectronicSign	详情页	1	0
发送离职问卷调查	SendDismissionAnswerSurveyDetails	详情页	1	0
编辑	RecordDetailPageEdit	详情页	1	0
编辑试用期	Probation.Update	详情页	1	0
职责转交	JumpToDutyTransfer	详情页	1	1
发起电子签署	ESChangeContractDetail	详情页	1	1
打印	EmpRecordTransferprintInfo	详情页	1	1
打印	EmpRecordRetirementPrintInfo	详情页	1	0
打印	EmpRecordProbationprintInfo	详情页	1	1
劳务转正式	EmpRecordLaborToInnerDetails	详情页	0	0
劳务转正式申请	EmpRecordLaborToInnerApprovalDetails	详情页	0	0
打印	EmpRecordDimissionprintInfo	详情页	1	1
发起调动交接	EmploymentRecrdDetailTransferHandoverApproval	详情页	1	0
发起离职交接	EmploymentRecrdDetailDimissionHandoverApproval	详情页	1	0
编辑	EmploymentRecord.UpdateApprovingTransfer	详情页	1	0
编辑	EmploymentRecord.UpdateApprovingDismission	详情页	1	0
转交下级员工	EmploymentRecord.TransmitJunior	详情页	1	0
编辑	EmploymentRecord.ParttimeJobEdit	详情页	1	0
删除	EmploymentRecord.ParttimeJobDelete	详情页	1	0
返回	EmploymentRecord.ParttimeJobBack	详情页	1	0
编辑	EmploymentRecord.ItalentCoreEdit	详情页	0	0
编辑	EmploymentRecord.ForEntryDetailEdit	详情页	1	0
修复编辑（废弃）	EmploymentRecord.FixEdit	详情页	0	0
结束	EmploymentRecord.EndParttimeJob	详情页	1	0
编辑	EmploymentRecord.EditTrainee	详情页	1	0
编辑	EmploymentRecord.Edit	详情页	1	0
转正申请	EmploymentRecord.Detail.ProbationPositiveApproval	详情页	1	0
转正	EmploymentRecord.Detail.ProbationPositive	详情页	1	0
删除任职记录	EmploymentRecord.Delete	详情页	1	0
修复删除任职（废弃）	EmploymentRecord.BatchFixDelete	详情页	0	0
返回	EmploymentRecord.Back	详情页	1	1
删除	EmploymentRecord.Approval.Delete	详情页	1	0
实习转正申请	EmployeeInfo.TraineePositiveApprov	详情页	0	0
删除	EmpInfo.DelExternamPerson	详情页	1	0
编辑	EditApprovalQRCodeDetail	详情页	1	0
实习转正电子签	DPESignTrainerPositive	详情页	1	0
离职证明电子签署	DPESDimissionProofFunc	详情页	1	0
发起退休交接	DetailRetireHandoverApproval	详情页	1	0
发起信息采集	DetailLaborServiceCollectInfo	详情页	1	0
编辑离职	DetailEditDimissionRecord	详情页	0	0
办理交接	CheckTransferHandoverV2ForRecord	详情页	1	1
撤销离职	CancelDimissionDetailPage	详情页	1	0
PNG图片下载	ExportPicturePNG	应用页	1	0
SVG图片下载	ExportPicture	应用页	0	1
